{"24": [0.0, 0.0, 0.015961408615112305], "54": [0.0010406970977783203, 0.0, 0.01674675941467285], "53": [0.0, 0.0, 0.012017488479614258]}